fid,terrain,,,,
1,Rsh/Cv-A,,,,
2,Lp,,,,
3,Cv=Mb,,,,
4,Cv/Rh,,,,
5,Mv=Cv-V,,,,
6,Cv/Mb-A,,,,
7,Cv/Mvb,,,,
8,Cv/Rs-VA,,,,
9,Cv/Rk,,,,
10,Cv/Rs-A,,,,
11,Ca,,,,
12,Cc,,,,
13,Rs/Cv-VARs,,,,
14,Cv/Rk-AV,,,,
15,Cv,,,,
16,Rs/Cv-A,,,,
17,Cv-A,,,,
18,Rs,,,,
19,aCk-RbA,,,,
20,Ch,,,,
21,Rhk/Cw,,,,
22,Lp,,,,
23,aCk/Rs-A,,,,
24,Rs-A,,,,
25,Cv/Rv,,,,
26,aCk-RbA,,,,
27,Cv-A,,,,
28,Mbv,,,,
29,Cv/Rs,,,,
30,Fpj,,,,
31,Cv/Rs,,,,
32,Rsh/aCv,,,,
33,Rs-VA,,,,
34,aCcRb-A,,,,
35,Fpu,,,,
36,aCv/Rh-RbA,,,,
37,Mbv/Cv,,,,
38,Cf,,,,
39,Cv-A,,,,
40,Lp,,,,
41,/aCw/Rhk,,,,
42,FGt=Us/Fp,,,,
43,Cca,,,,
44,Rs,,,,
45,Rs-V,,,,
46,aCck-RbA,,,,
47,Rs/aCk,,,,
48,Cv=Rs,,,,
49,/Cw/Rh,,,,
50,Cv=Rs-R,,,,
51,Cv=Mv/Rs,,,,
52,Mv=Cv,,,,
53,Cv/Rs-V,,,,
54,Rs-VA,,,,
55,$sMb/Cca-A,,,,
56,Fp,,,,
57,Ff,,,,
58,Cv=Rs/Mb-A,,,,
59,Ff,,,,
60,Cv=Mv/Rs,,,,
61,Mb,,,,
62,Cv/Rs-AV,,,,
63,Rs,,,,
64,Cv=Rk,,,,
65,/Cw/Rah,,,,
66,Rs,,,,
67,Rs=Cv,,,,
68,Cv=Rs-A,,,,
69,arCv/Rs-VR,,,,
70,aCck-RbA,,,,
71,aCu=Rs-RbA,,,,
72,Cv-A,,,,
73,Cv/Rs-A,,,,
74,Mb/Cv,,,,
75,Fj,,,,
76,Cv,,,,
77,aCk-ARbAs,,,,
78,Cv/Mvb,,,,
79,Cv/Rs,,,,
80,Cv=Mv-AR,,,,
81,Mv=Cv-V,,,,
82,Mbv,,,,
83,FGt=Us-V,,,,
84,Fpt,,,,
85,Cv/Mv,,,,
86,Cv=Mv,,,,
87,Ff,,,,
88,Mbv,,,,
89,Rs-AVR,,,,
90,Ck/Rs,,,,
91,Cv/Rs-AR,,,,
92,Mbv/rCv,,,,
93,Mv/Cv,,,,
94,Cv/Rs-A,,,,
95,Rs/Cv-A,,,,
96,Cv=Rs-A,,,,
97,Rsk-RA,,,,
98,Rs-RA,,,,
99,Cck-ARbA,,,,
100,Mbv/Cv,,,,
101,Mbv,,,,
102,Rs-VR,,,,
103,Rs=Cv-A,,,,
104,Cv-A,,,,
105,Mbv-V,,,,
106,Cf-A,,,,
107,Chf-AR,,,,
108,Cck-A,,,,
109,Cvc/Rk-A,,,,
110,Rs/Cv,,,,
111,Rsh/Cv-N,,,,
112,Rs,,,,
113,CkRb-A,,,,
114,Rs-VR,,,,
115,Rsk,,,,
116,Cv/Rs-A,,,,
117,Cv-A,,,,
118,aCca-RbA,,,,
119,aCk/Rs-RbA,,,,
120,aCv=Rs,,,,
121,Rah/aCv,,,,
122,aCca-RAbA,,,,
123,Rs,,,,
124,Cv/Rs-A,,,,
125,Cv=Rs-AV,,,,
126,Mv=Cv,,,,
127,Rs-R,,,,
128,Rhr/arCv,,,,
129,aCa-R,,,,
130,arCv/Rs-A,,,,
131,Rsa/aCv-AR,,,,
132,Rs/rCv-A,,,,
133,arCv/Ra-A,,,,
134,rCv/Rs-AV,,,,
135,Rs/rCv-AVR,,,,
136,arCva/Ra-AR,,,,
137,aCca-AR,,,,
138,arCva-A,,,,
139,aCa-AR,,,,
140,arCb/arMb-A,,,,
141,Rs/Cv-AVR,,,,
142,arCva-AR,,,,
143,Rs/raCv-AR,,,,
144,rMv/rCv/Ra,,,,
145,rCv=rMv-R,,,,
146,aCa-R,,,,
147,aCa-R,,,,
148,aCa-AR,,,,
149,Rrs/arCv,,,,
150,Rs-AR,,,,
151,Cv/Rs-AV,,,,
152,Cv/Rs,,,,
153,Cv/Rs,,,,
154,Rsk=Cv-A,,,,
155,Mw,,,,
156,Cv/Rs,,,,
157,Cv/Rs/Mv,,,,
158,Mw/Rr,,,,
159,Cw=Mw,,,,
160,Ca,,,,
161,gFAp-I,,,,
162,sFGst,,,,
163,gFAf,,,,
164,gFt,,,,
165,gsFGsfLGs,,,,
166,gsFGt-F/fLG,,,,
167,Mbv=Cv,,,,
168,FGt-H,,,,
169,Mw/Ra,,,,
170,Rs,,,,
171,Cv/Rs,,,,
172,fLGa=sFGa=gfC-VR,,,,
173,sFGt,,,,
174,Cc,,,,
175,sFGs/Rs-V/fLGS,,,,
176,Us,,,,
177,Rs,,,,
178,Rs,,,,
179,Msa=Mw-V/Rsa,,,,
180,sFGt,,,,
181,Rs=Cv,,,,
182,Cv=Mv/Rh,,,,
183,Cv/Rs,,,,
184,Cf,,,,
185,sFGt,,,,
186,Ca,,,,
187,Cv=Rk,,,,
188,Rs/Cv,,,,
189,Cv/Ra,,,,
190,Mbv,,,,
191,Cv/Rs-A,,,,
192,Mbv-V,,,,
193,Mb,,,,
194,Mv=Cv,,,,
195,Mw,,,,
196,Cv/Mv,,,,
197,Mv=Cv,,,,
198,Mv/Cv/Rs-V,,,,
199,Cj,,,,
200,Mvb/Cv-F,,,,
201,Mv/Cv,,,,
202,Mbv/Rs-V,,,,
203,$sMb/Fp,,,,
204,Cf,,,,
205,Cv/Rk,,,,
206,Cv/Rk,,,,
207,Mb,,,,
208,Mb,,,,
209,Mbv-V,,,,
210,Mv/Rs,,,,
211,Rs/Cv,,,,
212,Us,,,,
213,Mbv-VR,,,,
214,sMbv,,,,
215,Cf,,,,
216,Fpt,,,,
217,Cv/Rs,,,,
218,Mbv/Cv,,,,
219,Mb,,,,
220,Mv=Cv,,,,
221,Mbv/Cv,,,,
222,FGbv/Rh,,,,
223,fMbj,,,,
224,Mbv,,,,
225,gFf,,,,
226,fMw/R,,,,
227,Cf,,,,
228,Ca,,,,
229,Mbv-V,,,,
230,Cf,,,,
231,Ff,,,,
232,Mv=Cv,,,,
233,Cc-A,,,,
234,Mw,,,,
235,Cv=Mv,,,,
236,Mv=Cv/Rk,,,,
237,Cvb/Rs-AV,,,,
238,Rs-VAR,,,,
239,Cvc/Rs-AR,,,,
240,Rs-VAR,,,,
241,Cv=Mv/Rs,,,,
242,Cv/Rs,,,,
243,Cv=Mv=Rk,,,,
244,Mw,,,,
245,Mvb,,,,
246,Rs,,,,
247,Rak,,,,
248,Rs,,,,
249,aCc/MNr-RAb,,,,
250,aCc/Rs,,,,
251,Rhk/Cw,,,,
252,aCc/Rs-RAbA,,,,
253,Cv/Rs,,,,
254,Lp,,,,
255,Cv-A,,,,
256,aCc-RbA,,,,
257,aCa/Rs,,,,
258,Rs/aCa,,,,
259,aCca/MNr,,,,
260,Rs=Cv-A,,,,
261,Cca-ARd,,,,
262,Cv=Rs-A,,,,
263,aCv/Ra,,,,
264,Rs,,,,
265,Cv/Rs,,,,
266,Rs/Cv,,,,
267,Rs-A,,,,
268,Rs/aCv,,,,
269,aCc-A,,,,
270,aC,,,,
271,Cvb-A,,,,
272,Cv=Mv,,,,
273,Rhk=aChk-RbA,,,,
274,Mvb/Cv,,,,
275,aCak,,,,
276,Mv=Cv,,,,
277,Mvb/Cv-V,,,,
278,MvbV,,,,
279,Cc,,,,
280,aCc-RbA,,,,
281,aCck-RbA,,,,
282,Cv/Mv-V,,,,
283,Lp,,,,
284,Cv/Rs,,,,
285,Cv=Rs,,,,
286,aCv=Rah,,,,
287,Rs/Cv-AV,,,,
288,aCk=Rh/MN-RAb,,,,
289,/Cw/Rh,,,,
290,aCak-RbA,,,,
291,aCck-RbA,,,,
292,Cc,,,,
293,Rs-VRA,,,,
294,Rsk/Cv-AR,,,,
295,Rs-VA,,,,
296,Rsk=MNr,,,,
297,Rs-A,,,,
298,Rs-VRA,,,,
299,Rs-VRA,,,,
300,aCcv/Rs,,,,
301,Rs-A,,,,
302,Rks-AR,,,,
303,Ca,,,,
304,Cc,,,,
305,Ck/Rs-A,,,,
306,Cc-Ar,,,,
307,Cv/Rs,,,,
308,aCa=Rsr,,,,
309,Rsk/aCa-A,,,,
310,I,,,,
311,Mv=Cv-V,,,,
312,MNr=Ra=aCk-NRbA,,,,
313,aCk-RbA,,,,
314,aCk-RbA,,,,
315,aCak-RbA,,,,
316,Ca,,,,
317,Cv-A,,,,
318,Cv/Rs,,,,
319,Cv-A,,,,
320,Cv/Ra,,,,
321,Rs/Cv,,,,
322,Ck-RbA,,,,
323,Cv/Rs-VAR,,,,
324,Rsk,,,,
325,Cv-A/Rhs,,,,
326,aCc-RbA,,,,
327,sgF/Lp,,,,
328,Mbv-VRAd,,,,
329,Mv=Cv,,,,
330,Fp,,,,
331,Cc,,,,
332,Mbv/Cv-V,,,,
333,Cck-VAR,,,,
334,Cc,,,,
335,Cav/Mv/Rs-Rs,,,,
336,Cv/Rs,,,,
337,Cv=Rs-A,,,,
338,Rs-A,,,,
339,Cv/Rs,,,,
340,Rs=Cv,,,,
341,aCk-RbA,,,,
342,aCk-RbA,,,,
343,Mvb/Cv-VRAs,,,,
344,Cv/Rs-V,,,,
345,sMvb/Cv,,,,
346,Cvb/Mv,,,,
347,Cv=Rk,,,,
348,Rs,,,,
349,Mbv/Cv,,,,
350,Lp,,,,
351,Rs,,,,
352,Cv/Rk-A,,,,
353,Rs,,,,
354,CaA,,,,
355,sMvb/Cv,,,,
356,Mbv/Cv,,,,
357,aCak,,,,
358,Ck/Rs,,,,
359,aCca-A,,,,
360,aCcv/MNr/Rak-NRbA,,,,
361,Rs-VA,,,,
362,I,,,,
363,Rak,,,,
364,aCv-A,,,,
365,Rs,,,,
366,aCv/Rk-A,,,,
367,aCa,,,,
368,Cv-A,,,,
369,aCcv/Rs-AR,,,,
370,Rk,,,,
371,Rs/Cv,,,,
372,Cac-ARd,,,,
373,CvA-Rd,,,,
374,Rk/Cv,,,,
375,Ck/Rs,,,,
376,aCw/MN/Rh-N,,,,
377,Cv/Rs-VAR,,,,
378,Ck/Rs,,,,
379,Mbv,,,,
380,aCa-RbA,,,,
381,MNr,,,,
382,Ra/I,,,,
383,Cka,,,,
384,Ff,,,,
385,aCca/FjA-ARbA,,,,
386,arCv/Rs,,,,
387,aCvc=MNr/Rs,,,,
388,/Cw-N/Rhr,,,,
389,Rs/Cv,,,,
390,Ck,,,,
391,aCak,,,,
392,Cv/Mv/Rs,,,,
393,Ckc/Mbv,,,,
394,Ck/Rs,,,,
395,Fpt,,,,
396,Cfc,,,,
397,Ch,,,,
398,Cv=Rs-VR,,,,
399,aCa=Mv,,,,
400,aCk-RbAN,,,,
401,Cva,,,,
402,Rs-RV,,,,
403,aCk-RbA,,,,
404,Rsk/Cv,,,,
405,Cv/Ras-A,,,,
406,aCk=RbA,,,,
407,Cc,,,,
408,rCv/Rs-AR,,,,
409,Cf-AR,,,,
410,Ca,,,,
411,Cc,,,,
412,Ck-ARd,,,,
413,Cc-ARd,,,,
414,Cc,,,,
415,Rs/Cv-RV,,,,
416,aCk-RbA,,,,
417,arCv/Rs-AR,,,,
418,Rk/Cv,,,,
419,Rs,,,,
420,Rs/Cv,,,,
421,Cv=Rk-A,,,,
422,Cva/Ra,,,,
423,Cv=Rs-VAR,,,,
424,Cv=Rs-VA,,,,
425,Rs,,,,
426,I,,,,
427,Cc-ARd,,,,
428,CaA,,,,
429,Cc-ARd,,,,
430,I,,,,
431,I,,,,
432,I,,,,
433,Cv/Rs-V,,,,
434,Rs-V,,,,
435,Cv=Rs-VR,,,,
436,aCbv/Rs-ARb,,,,
437,aCv/Rk,,,,
438,Cv=Rs-VR,,,,
439,aCc/MNr-RbA,,,,
440,aCck-RbAd,,,,
441,aCa/Rs,,,,
442,Rsh,,,,
443,Ckc,,,,
444,NTA,,,,
445,Rsh,,,,
446,Rs,,,,
447,aCk-RbA,,,,
448,Rs/Cv-A,,,,
449,Rs,,,,
450,Cv/Rs-V,,,,
451,Rs/Cv-AV,,,,
452,Ckv=Rs,,,,
453,CkRb-A,,,,
454,Rs=Cv,,,,
455,/Cw/Rhk,,,,
456,Rsk=Cva-RAb,,,,
457,Rk/Cv,,,,
458,MNr,,,,
459,NTA,,,,
460,I,,,,
461,aCa/Rs-RbA,,,,
462,Rh/Cw,,,,
463,Cv/Rs,,,,
464,Rs/Cv-AR,,,,
465,Mv=Cv-F,,,,
466,Mv=Cv,,,,
467,Cv/Rs-ARV,,,,
468,Cv=Rs,,,,
469,Rs/Cv-RV,,,,
470,Cv/Rs,,,,
471,gFGt,,,,
472,FGt,,,,
473,gFGts,,,,
474,Mbv-RAsV,,,,
475,Mv=Cv/Rs,,,,
476,Mbv,,,,
477,Mw,,,,
478,Rs/Cv-AR,,,,
479,Mw/Rah,,,,
480,Cv/Rhs,,,,
481,Ras=Cv,,,,
482,Cv=Rha,,,,
483,Rs/Cv,,,,
484,Cw=Rak,,,,
485,Mv,,,,
486,Cv/Rs,,,,
487,Cv/Rh,,,,
488,Mv/Cv,,,,
489,Mw/Ruh,,,,
490,Cv/Rs,,,,
491,Cv/Mv,,,,
492,Mbv-V,,,,
493,Mv=Cv/Rk,,,,
494,Cv=Rs-RA,,,,
495,Cv/Rks,,,,
496,Ca,,,,
497,Cca,,,,
498,Cv=Rs-RA,,,,
499,Rs,,,,
500,Cc,,,,
501,aCc-RbA,,,,
502,Cc,,,,
503,Cv/Rs-A,,,,
504,Mv/Rhk,,,,
505,Cc-A,,,,
506,Cf,,,,
507,Cv/Rs,,,,
508,Rks/Cv-AR,,,,
509,Rs,,,,
510,Mbv/Cv,,,,
511,Rs,,,,
512,Cv=Mv/Rs-S,,,,
513,Lp,,,,
514,Cv/Rs-A,,,,
515,rCac,,,,
516,Cv=Rs-A,,,,
517,Cv=Rs-ARb,,,,
518,Rr/Cw,,,,
519,Cv/Rha,,,,
520,Rs=Cv-A,,,,
521,Rah,,,,
522,sgFGja,,,,
523,Rs,,,,
524,gFt,,,,
525,gFt,,,,
526,Ch,,,,
527,$LGv/sFGt,,,,
528,Cv,,,,
529,Cc,,,,
530,Cf/fLGt,,,,
531,Ch,,,,
532,Mbv,,,,
533,Cv/Mv,,,,
534,Mw/Rsh,,,,
535,Mw/Raj,,,,
536,sFGt,,,,
537,Cv/Rrs,,,,
538,Cf-Rd,,,,
539,Us,,,,
540,FGt,,,,
541,Cf,,,,
542,Cf-Rd,,,,
543,Cv=Rs,,,,
544,Rs/Cv-AR,,,,
545,Rs,,,,
546,Rs/Cv-VA,,,,
547,Cv,,,,
548,/Mw/Rh,,,,
549,Mvb=Cv/Rs,,,,
550,/Mw/Rh,,,,
551,Fp,,,,
552,Mv=Cv,,,,
553,Cvb,,,,
554,Rh/Cw,,,,
555,Cw/Rhk,,,,
556,Cvb/Rs,,,,
557,Mv=Cv,,,,
558,Rs,,,,
559,Cw/Rh,,,,
560,Ck,,,,
561,Rs-ARbA,,,,
562,aCck-ARbA,,,,
563,/Cw/Rs/Rrh,,,,
564,Cv/Mv,,,,
565,Mbv,,,,
566,Fp,,,,
567,Cv-A,,,,
568,Cc,,,,
569,Cv=Mv,,,,
570,FGt,,,,
571,Mb-V,,,,
572,Mbv,,,,
573,Cv/Mv,,,,
574,Rs=Cv-VR,,,,
575,Mw=Cw/Rr,,,,
576,Cv/Rs,,,,
577,Mvb/Cv,,,,
578,Mbv/Cv,,,,
579,Cv=Rs-VAR,,,,
580,Rs-VAR,,,,
581,Rsk/aCw,,,,
582,Rrk/Cw-N,,,,
583,aCk,,,,
584,aCk-ARb,,,,
585,aCw-N/Rh,,,,
586,Cv/Rs,,,,
587,Rs,,,,
588,Cv/Rs-A,,,,
589,Rs,,,,
590,aCa,,,,
591,Cv/Rs-V,,,,
592,Ca,,,,
593,Rs,,,,
594,Cv/Mv-V,,,,
595,Rs=Cv,,,,
596,Mu,,,,
597,sMbv/Cv/Rs,,,,
598,Cv=Rhs/Mv,,,,
599,Cck,,,,
600,Fpt,,,,
601,Ca=Fp-I,,,,
602,Mbv,,,,
603,Cf,,,,
604,Cv=Rs-V,,,,
605,Rs-V,,,,
606,Cv/Rks,,,,
607,Rs-V,,,,
608,Rs=aCck-RbAA,,,,
609,Rs,,,,
610,aCk,,,,
611,Mbv,,,,
612,Lp,,,,
613,Mv=Cv,,,,
614,fgFGs=Cs=Mv/Rs-V,,,,
615,FAp/Ft-B,,,,
616,Mv/Cv,,,,
617,FGt,,,,
618,FGt,,,,
619,aCh,,,,
620,Cv/Ra,,,,
621,Cv/Rs-V,,,,
622,Cc,,,,
623,Cvb,,,,
624,Rha,,,,
625,Rk/Cv,,,,
626,Cv/Rs-RA,,,,
627,/Mw/Rh,,,,
628,Mbv=Cv,,,,
629,Mbv,,,,
630,Rs=Cv,,,,
631,Cv/Rsh,,,,
632,Cv/Rs-AR,,,,
633,Mv=Cv-V,,,,
634,Cv=Mv/Rs-VRAsd,,,,
635,Ck-A,,,,
636,Cv=Mv/Rs,,,,
637,Mbv/Cv-VRAsd,,,,
638,/Mw=Cw/Rh,,,,
639,Cfh=Rd,,,,
640,Mbv=Cv,,,,
641,Mbv=Cv-VR,,,,
642,Mbv,,,,
643,Cf,,,,
644,Fp,,,,
645,Mbv/Rs-V,,,,
646,Cf,,,,
647,Mv=Cv/Rs-V,,,,
648,Cca,,,,
649,Mv=Cv-V,,,,
650,Cv/Rs-R,,,,
651,/Cw/Rh,,,,
652,Cv,,,,
653,Fp,,,,
654,Cv/Mv/Rs-V,,,,
655,Rs,,,,
656,Cv=Mv=V,,,,
657,Mbv,,,,
658,Mbv=Cv,,,,
659,Cv-A,,,,
660,Mv=Cv,,,,
661,Cf,,,,
662,Mbu,,,,
663,Muh,,,,
664,/Mw/Rh,,,,
665,gsFGbu,,,,
666,gFGt,,,,
667,Cv/Mw/-VR/Ras,,,,
668,Us-V/Rs,,,,
669,gFGt,,,,
670,Cf,,,,
671,Mbw,,,,
672,Ua,,,,
673,Mw=Cv/R,,,,
674,gFGt,,,,
675,Rs=Ca,,,,
676,FGt,,,,
677,Cv/Rs,,,,
678,Mv/gFGt,,,,
679,Ua-V,,,,
680,gFAp-B,,,,
681,Cf,,,,
682,Mw/R,,,,
683,Cv/Mw/Ras,,,,
684,gFGt,,,,
685,rCaf,,,,
686,Cf,,,,
687,sgFp,,,,
688,Ff,,,,
689,sgFGs/Ms/$LGs-RdsV/Ms/gFG,,,,
690,Cf,,,,
691,Usa,,,,
692,gFt,,,,
693,FGt,,,,
694,gFGt,,,,
695,rCa/Rs,,,,
696,Ua,,,,
697,Mb-F,,,,
698,Cf,,,,
699,gFGt,,,,
700,Cv/Rs,,,,
701,Cv/Mv,,,,
702,Cvb,,,,
703,Mbv,,,,
704,Cv/Rs,,,,
705,Mbv/Cv,,,,
706,Cv/Mv,,,,
707,Cv/Rs-V,,,,
708,Cv/Mv-Rs,,,,
709,Ff,,,,
710,Cv,,,,
711,Mvb/Cv,,,,
712,Us,,,,
713,Cv=Mv/Rs-VR,,,,
714,Cvb-V,,,,
715,Cv,,,,
716,Cv/Rah,,,,
717,Rs,,,,
718,Mvb/Rs,,,,
719,Mvb=Cv,,,,
720,Cv/Rs-VRs,,,,
721,Cv/Mv,,,,
722,Cv/Rs-VR,,,,
723,Cv/Rsa,,,,
724,Rs/Cv,,,,
725,Cv=Mv,,,,
726,Cv/Rak-A,,,,
727,Mb/Cv,,,,
728,Cvb-V,,,,
729,Mvb,,,,
730,Lp/Cc,,,,
731,Cv/Mv,,,,
732,Cv=Mv,,,,
733,Lp,,,,
734,Fp,,,,
735,/Mw/Lp/Rh,,,,
736,Cvb,,,,
737,Cv=Mv,,,,
738,Mvb/Cv-VF,,,,
739,aCck-A,,,,
740,Rs,,,,
741,Cv/Mv,,,,
742,Fp,,,,
743,Cv=Mv,,,,
744,Rs-V,,,,
745,Rs,,,,
746,aCcw/Rh,,,,
747,Cv,,,,
748,aCck/Rs-ARbA,,,,
749,/Cw/Rhk,,,,
750,Rs,,,,
751,Cv/Rs-AR,,,,
752,aCck-A,,,,
753,Ch,,,,
754,Mvb/Cv,,,,
755,Cv/Mv,,,,
756,Cv=Mvb-V,,,,
757,Mvb/Cv,,,,
758,Mbv/Cv-V,,,,
759,Cv=Mv/Rs-V,,,,
760,Ca,,,,
761,Caf,,,,
762,Cv/Rs-V,,,,
763,Cv/Rs,,,,
764,Cw/Rau,,,,
765,Rs,,,,
766,Cck/Rs-ARbA,,,,
767,Cv=Rs-A,,,,
768,Cv,,,,
769,/Cw/Rhs,,,,
770,Cv/Ras,,,,
771,Cv=Mv/Rs,,,,
772,Cv/Mv/Rs-VRds,,,,
773,/Mw/Rsh,,,,
774,Rs/Cv-AR,,,,
775,rCvc/Rs-VAR,,,,
776,/Mw/Rh,,,,
777,Rs=Cv,,,,
778,Ua-FV,,,,
779,Cvb,,,,
780,Cv=Mv-V,,,,
781,Mv=Cv,,,,
782,Rs=Cv,,,,
783,Cv=Mv/Rs,,,,
784,Cv/Rs,,,,
785,Cv/Rs-V,,,,
786,Cv/Rs,,,,
787,Cv/Rs,,,,
788,Cv=Mv,,,,
789,Cv=Rs-A,,,,
790,Cv/Rs,,,,
791,Mv=Cv,,,,
792,Mv=Cv,,,,
793,Cv/Rs,,,,
794,Rs/Cv,,,,
795,Cv/Rkh,,,,
796,Mvb/Cv,,,,
797,Cc-A,,,,
798,aCcca-A,,,,
799,Mvb/Cv,,,,
800,Cv/Ra,,,,
801,Rs,,,,
802,Cv/Rs,,,,
803,Mv/Cv/Rs,,,,
804,Cv=Rs-V,,,,
805,Mvb/Cv,,,,
806,Rsr/aCv-AR,,,,
807,Mv/rCv,,,,
808,Cvc/Rs-AR,,,,
809,Rs/Cv,,,,
810,Cv/R,,,,
811,Rs=Cav-NA,,,,
812,Mb/Rk,,,,
813,Mv/Cv,,,,
814,Ccf-A,,,,
815,Lp,,,,
816,Cav/Rs-A,,,,
817,Cf-A,,,,
818,Mvb/Rh,,,,
819,gFGt,,,,
820,Mw/Ra,,,,
821,Us/VR,,,,
822,$sFv-gFp,,,,
823,bFf,,,,
824,sgFGu-$sM,,,,
825,Mw=Cw/R,,,,
826,sgFGs/Ms/$LGs-Rd,,,,
827,Mw/Rh,,,,
828,Mur,,,,
829,Mw/Rh,,,,
830,sgFt,,,,
831,FAp/Ft,,,,
832,Rs/Cv-V,,,,
833,Cv=Mv,,,,
834,Rs/Cv,,,,
835,Cv/Rs-R,,,,
836,Cv/Rk,,,,
837,Mbv/rCv,,,,
838,Rs=aCv-RbA,,,,
839,Cv=Mv/Rs,,,,
840,Mbv,,,,
841,Cv/Rs,,,,
842,Mbv,,,,
843,Mv=Cv/Rs-V,,,,
844,Mv/Cv,,,,
845,Mbv/Cv,,,,
846,aCs-RbA,,,,
847,Mv/Cv,,,,
848,Cv-V,,,,
849,aCh,,,,
850,Mb-V,,,,
851,Mbv,,,,
852,gFpt,,,,
853,Mbv-V,,,,
854,FGf,,,,
855,Cf,,,,
856,Mbv/Cv-V,,,,
857,Caf,,,,
858,Cv/Rs-AR,,,,
859,Cv/Rs,,,,
860,Cv=Rs-VA,,,,
861,Cv=Mv,,,,
862,Rs-RAV,,,,
863,Rs-A,,,,
864,Rhs/aCv,,,,
865,Cv/Rs/Mv,,,,
866,Rhs/rCv-A,,,,
867,Mb-V,,,,
868,Cv/Rs-AR,,,,
869,Cv/Rs,,,,
870,Cv/Mbv-V,,,,
871,Ff,,,,
872,Cv/Rs-A,,,,
873,Mbv/Cv-V,,,,
874,arCac-A,,,,
875,aCc-RbAs,,,,
876,NTA,,,,
877,Cv/Rs,,,,
878,Rs-A,,,,
879,Cv=Rs-A,,,,
880,Rs/Cv-ARV,,,,
881,Rs/Cv-A,,,,
882,Rs,,,,
883,arCv,,,,
884,Cca,,,,
885,Ca-RbA,,,,
886,Rhk/aCv,,,,
887,Ckc-A,,,,
888,Rs-AV,,,,
889,Rs,,,,
890,Rs/Cv,,,,
891,Rs/Cv-AVR,,,,
892,Rkh/aCv-N,,,,
893,aCkc-ARbA,,,,
894,arCak-ARAsb,,,,
895,rCv=Rs-A,,,,
896,arCac-A,,,,
897,Rha/Cv,,,,
898,arCvk/Rs-VARbAs,,,,
899,sgFpt,,,,
900,Cv/Rs-V,,,,
901,Cf,,,,
902,aCac-AR,,,,
903,Cv=Rs-A,,,,
904,Rs-A,,,,
905,/Cw/Rhs,,,,
906,Rk/aCv,,,,
907,Mv/Rs,,,,
908,Cv=Rs-VA,,,,
909,Rs,,,,
910,Mbv=Cv/Rs,,,,
911,aCca-RbA,,,,
912,Cv/Ra,,,,
913,Rs,,,,
914,Cvb/Rs-A,,,,
915,aCa-RbA,,,,
916,Fp,,,,
917,aCac-ARbA,,,,
918,Cv=Mv,,,,
919,aCv-ARbA,,,,
920,Fj,,,,
921,aCv/Rs-RbA,,,,
922,Cv=Mv,,,,
923,Fp,,,,
924,Mvb/Cvb-A,,,,
925,Mb,,,,
926,Cv/Mv,,,,
927,arCvk-VARbAs,,,,
928,Rs=arCv-VARbAs,,,,
929,sCf,,,,
930,Cvb-RbAs,,,,
931,Ckf-ARbA,,,,
932,Mw=Cv,,,,
933,Mbv,,,,
934,Rar/Cv,,,,
935,Cva/Rs-A,,,,
936,Rkh=Cv-A,,,,
937,/Cv=Mv/Rsk,,,,
938,Cv=Mv,,,,
939,aCak-RbA,,,,
940,Lp,,,,
941,aCav/Rh-A,,,,
942,aCk,,,,
943,Fp,,,,
944,Rs-A,,,,
945,Rs/Cv-AR,,,,
946,aCkc-ARbA,,,,
947,Cv=Mv,,,,
948,Rs-AR,,,,
949,Rhk=aCa-N,,,,
950,Rsk=aCa-N,,,,
951,Rsh,,,,
952,Rs-A,,,,
953,Rsh/arCv-A,,,,
954,aCa,,,,
955,rCv/Rhs,,,,
956,arCv=Mv-RAV,,,,
957,Cv/Rs,,,,
958,arCv-AVR,,,,
959,sMa/Cv,,,,
960,Mvb,,,,
961,Rs-AR,,,,
962,Rs-AR,,,,
963,Cv=Mv-R,,,,
964,Mv/Cv,,,,
965,aCk-RbA,,,,
966,Ms/Cv-V,,,,
967,Mbv,,,,
968,Mbv/Cv,,,,
969,Cv=Rs-VA,,,,
970,Cv/Rs-AR,,,,
971,Cv=Mv,,,,
972,Mbv/Cv,,,,
973,rCv=Mv/Rs,,,,
974,sMb,,,,
975,Cv/Rs-VAR,,,,
976,rCv/Rs-A,,,,
977,rCv/Rs,,,,
978,Rs=Cv-A,,,,
979,Cv=Rs-A,,,,
980,Rs=rCv/Ms/Rs,,,,
981,Mbv/Cv,,,,
982,Cv/sMv-A,,,,
983,sMv/rCv,,,,
984,rCv-A,,,,
985,Mv/Cbv,,,,
986,FcA/Cbv-A,,,,
987,Cv/Rs-AR,,,,
988,aCa-ARbA,,,,
989,Rs/Cv-AVR,,,,
990,Rs-AR,,,,
991,Rh/rCv-A,,,,
992,Rsh/aCa-AR,,,,
993,aCa-AR,,,,
994,Rs,,,,
995,/Mw=Cw/Rh,,,,
996,Cf,,,,
997,NTA,,,,
998,/Cw/Rh,,,,
999,C=MvRs,,,,
1000,aCa-ARb,,,,
1001,NTA,,,,
1002,Mv/Cv,,,,
1003,Mv/Cv,,,,
1004,Rs-A,,,,
1005,Rs-AR,,,,
1006,Rh/aCv,,,,
1007,NTA,,,,
1008,aCa,,,,
1009,arCav/Rs-A,,,,
1010,Rs/Cv-AR,,,,
1011,Rs/Cv-R,,,,
1012,aCa-AR,,,,
1013,Rs/aCvR-A,,,,
1014,Rs-AR,,,,
1015,Cv/Rh-AR,,,,
1016,aCa/Ra-AR,,,,
1017,Rs/rCv-VA,,,,
1018,aCk/RhARb-A,,,,
1019,Rs-A,,,,
1020,Rs/rCv-AV,,,,
1021,Rs-AR,,,,
1022,aCa-AR,,,,
1023,rCv/Mv,,,,
1024,Rs/arCa-AV,,,,
1025,Rs-R,,,,
1026,Rs-AVR,,,,
1027,aCck-ARbAd,,,,
1028,arCv/sMv/Rs-AVR,,,,
1029,arCa/bMa,,,,
1030,bMj/aCc-A,,,,
1031,bsMbv/arCv,,,,
1032,Rs/aCv-AR,,,,
1033,Mbv/rCbv,,,,
1034,Rs-AR,,,,
1035,bFjh,,,,
1036,rCv/Rs/Mv,,,,
1037,sMbv/Cbv,,,,
1038,aCa-AR,,,,
1039,aCk-ARbA,,,,
1040,rCv/Rs-A,,,,
1041,Rs/rCv,,,,
1042,sMv/rCv/Rs,,,,
1043,Mbv/Cbv-VR,,,,
1044,aCa-ARbA,,,,
1045,rCv/Rh,,,,
1046,Cv/Rs-AR,,,,
1047,arCv/Rhs,,,,
1048,Cvb/RsR-Asb,,,,
1049,rCv/sMv/Rhs,,,,
1050,Caf,,,,
1051,Mbc/Cbv-VR,,,,
1052,aCh/bF,,,,
1053,arCav/Rs-AR,,,,
1054,bFGfj,,,,
1055,aCc-A,,,,
1056,Cv/Rs-VA,,,,
1057,aChv/Rs-A,,,,
1058,Rs-AVR,,,,
1059,aCk-AR,,,,
1060,rCv/Mv,,,,
1061,aCck-A,,,,
1062,bFft-B,,,,
1063,Mbv/Cv,,,,
1064,arCck-A,,,,
1065,Rs/Cv-RV,,,,
1066,Rs-A,,,,
1067,Rs-AR,,,,
1068,Cc-ARbA,,,,
1069,aCa-AR,,,,
1070,Cv/Rs-A,,,,
1071,aCa/aMa/Rh-A,,,,
1072,aCk-ARbA,,,,
1073,aCc,,,,
1074,bsFp/Lp,,,,
1075,bMa/aCa,,,,
1076,aCak-AR,,,,
1077,Rs/Cv-AVR,,,,
1078,rCv=Rs-R,,,,
1079,arCa/Ras-R,,,,
1080,Rs/Cv-R,,,,
1081,Rs/Cv-R,,,,
1082,Rs,,,,
1083,aCck-ARbA,,,,
1084,aCa/aMr/Rr-A,,,,
1085,aCa-Rb,,,,
1086,Rsa-AR,,,,
1087,aCa-AR,,,,
1088,arCv/Rr-A,,,,
1089,arCv=Rr/arMv-A,,,,
1090,Rs-AR,,,,
1091,Ras/arCv,,,,
1092,arCvk/Ras-R,,,,
1093,Mbv/rCbv,,,,
1094,Rs-A,,,,
1095,Rs-A,,,,
1096,aCah/Rr-AFR,,,,
1097,arCv/Rs-AVRb/Rs,,,,
1098,aCk/Rahs-ARbA,,,,
1099,Rs-A,,,,
1100,aCk-ARbA,,,,
1101,aCas-R,,,,
1102,Cv=Rs-VRS,,,,
1103,Rs/Cv-VA,,,,
1104,gsFGb/M,,,,
1105,sEv/Mbu,,,,
1106,Mv=Cv,,,,
1107,Mbv,,,,
1108,sEv/gsFGu,,,,
1109,Mbv/Cv,,,,
1110,gFGp,,,,
1111,gsFGb,,,,
1112,Cb-V,,,,
1113,Cf,,,,
1114,Muh,,,,
1115,sEv/Mur,,,,
1116,Mvb,,,,
1117,Ms-V,,,,
1118,fLGa/gFG,,,,
1119,gfCvb/fLGa,,,,
1120,Msa-V,,,,
1121,fLGsa-F,,,,
1122,Ms=fLGs-R,,,,
1123,Mb,,,,
1124,gfCua,,,,
1125,Cf,,,,
1126,gFGas,,,,
1127,gFGt,,,,
1128,fLGsa-F,,,,
1129,$sFv/gFp,,,,
1130,Muj/fLGt,,,,
1131,Cf,,,,
1132,Cv/Mvb-V,,,,
1133,Cf,,,,
1134,FGt,,,,
1135,Mbw,,,,
1136,Cv=Mw/Ras,,,,
1137,Cv/Mv-V,,,,
1138,Mbw,,,,
1139,Us-RdV,,,,
1140,FGt,,,,
1141,frCwa/Rs/Ra,,,,
1142,FGt,,,,
1143,Ms/-RdsV/Us,,,,
1144,Mu,,,,
1145,gFG,,,,
1146,Muh,,,,
1147,$sFv/gFp,,,,
1148,Cf,,,,
1149,$sFv/gFp,,,,
1150,gFf,,,,
1151,FGt,,,,
1152,FGt,,,,
1153,gFt/Cf,,,,
1154,rFAf,,,,
1155,Ff,,,,
1156,frCw/=Rs-R/Ra,,,,
1157,bgFp,,,,
1158,$sLGuh,,,,
1159,fgCa,,,,
1160,gFGa,,,,
1161,gFGt,,,,
1162,fLGsa-F,,,,
1163,$sFv/gFp,,,,
1164,/gFv/fLGut,,,,
1165,fLGu/gFG-H,,,,
1166,Ms-FO,,,,
1167,Mr-FO,,,,
1168,Ms-RV,,,,
1169,fLGs-F,,,,
1170,fLGa-FA,,,,
1171,fLGu,,,,
1172,$sFv/gFp,,,,
1173,Muh,,,,
1174,Mbv/Cv,,,,
1175,Mj,,,,
1176,gFt,,,,
1177,FGt,,,,
1178,Cf,,,,
1179,gFGt,,,,
1180,gFGt,,,,
1181,gLGa-V,,,,
1182,$sFv/gFp,,,,
1183,Mbv/Cv-V,,,,
1184,Mvb=Cv/Rs-V,,,,
1185,Cv,,,,
1186,/Cw/Rh,,,,
1187,Cv=Ra,,,,
1188,Cv/Rk,,,,
1189,fMvb/Cv,,,,
1190,Cak,,,,
1191,Rkh,,,,
1192,Cv=Mv,,,,
1193,Cv=Rs-A,,,,
1194,Rs-VRA,,,,
1195,Rsa/Cv,,,,
1196,aCc/MrN-RAbA,,,,
1197,Rs/Cv,,,,
1198,aCkc/Rs-ARbAd,,,,
1199,Cv/Rs-A,,,,
1200,aCca-A,,,,
1201,Ccj-A,,,,
1202,Cv-A,,,,
1203,Cv/Rs,,,,
1204,Rs-A,,,,
1205,Rs-AR,,,,
1206,Cv/Rs-A,,,,
1207,Cv/Rs,,,,
1208,Rs=Cv,,,,
1209,Ca,,,,
1210,aCc-ARbA,,,,
1211,I,,,,
1212,Cv/Rs,,,,
1213,Rs,,,,
1214,/Mw=Cw/Rh,,,,
1215,Cv,,,,
1216,/Mw/Rh,,,,
1217,Cv/Rs,,,,
1218,Fp,,,,
1219,Cv/Mv/Rsk,,,,
1220,Cv=Mvb/Rs,,,,
1221,Rs=Cv,,,,
1222,Cv/Rs,,,,
1223,Cv/Rs-Rs,,,,
1224,Cv/Mv,,,,
1225,Cv/Rs/Mv,,,,
1226,Rs,,,,
1227,Mvb,,,,
1228,Mw/Rh,,,,
1229,Mb,,,,
1230,/Cw/Mw/Rhk,,,,
1231,/Cw=Mw/Rhs,,,,
1232,Ma,,,,
1233,Rr,,,,
1234,Cv/Rs-AV,,,,
1235,Rs=Cv-AVRs,,,,
1236,Cv=Mv,,,,
1237,Rs/Cv-A,,,,
1238,Rsr/Cv-A,,,,
1239,Mbv/Cv,,,,
1240,Rs/Cv,,,,
1241,Ck-A,,,,
1242,Mvb/Cv-V,,,,
1243,Cv=Rs,,,,
1244,Lp,,,,
1245,Cv=Rk,,,,
1246,Cv/Ra,,,,
1247,fMb,,,,
1248,Cv=Mvb,,,,
1249,Rs=Cv,,,,
1250,Lp,,,,
1251,Mvb=Cv,,,,
1252,Mvb,,,,
1253,Mvb/Cv/Rsk,,,,
1254,Rs/Cv,,,,
1255,Mvb/Cv,,,,
1256,Mj,,,,
1257,Cv/Rh,,,,
1258,Mvb/Rs-V,,,,
1259,/Cw/Rrh,,,,
1260,FAp,,,,
1261,Cv/Rhs,,,,
1262,Ft/FAp,,,,
1263,Ff,,,,
1264,Cfk,,,,
1265,Mbv,,,,
1266,Mbv=Cv,,,,
1267,Mbv,,,,
1268,Cv/Rs,,,,
1269,FAp/Ft-IM,,,,
1270,Ch,,,,
1271,Rs,,,,
1272,sgFGta,,,,
1273,Ra,,,,
1274,Ft,,,,
1275,Ft,,,,
1276,gFt,,,,
1277,gFf,,,,
1278,Ft/F-Ap,,,,
1279,Cv/Rs,,,,
1280,Ft,,,,
1281,Ft,,,,
1282,Ft,,,,
1283,Rs/Cv,,,,
1284,Mvb=Cv/Rs,,,,
1285,Mbv,,,,
1286,CkRd,,,,
1287,Cf,,,,
1288,Cv/Ms/Rs,,,,
1289,Cf,,,,
1290,Cf/Mb,,,,
1291,Mw/Rh,,,,
1292,Ca,,,,
1293,Ft,,,,
1294,Ft,,,,
1295,Ff,,,,
1296,Rs,,,,
1297,Cc,,,,
1298,gFf-A,,,,
1299,Cf,,,,
1300,Cv=Rs,,,,
1301,Mbv,,,,
1302,Ck/Rs-VRb,,,,
1303,Cbv-V,,,,
1304,Rs=aCv-ARb,,,,
1305,aCcjRbA-A,,,,
1306,aCc-A,,,,
1307,Rs-V,,,,
1308,aCav/Rs,,,,
1309,aCc-RbA,,,,
1310,Cv=Rs,,,,
1311,Rs/CvV,,,,
1312,Rs-V,,,,
1313,Cv=Mvb,,,,
1314,Cv=Rs,,,,
1315,Rs/Cv-VRA,,,,
1316,Rs/Cv-RV,,,,
1317,Ccf/Ff-ARdA,,,,
1318,Cv=Mv/Rh,,,,
1319,Cc,,,,
1320,FptI,,,,
1321,Cf,,,,
1322,Ch,,,,
1323,FGt/Ff,,,,
1324,Cv/Mvb/Rs,,,,
1325,Us,,,,
1326,Mvb/Cv,,,,
1327,Cv=Mvb-V,,,,
1328,Ck,,,,
1329,Ft,,,,
1330,Ff,,,,
1331,Ft/FAp-IJ,,,,
1332,FGt,,,,
1333,Ffc,,,,
1334,FGt,,,,
1335,Cc,,,,
1336,FGt,,,,
1337,FGf,,,,
1338,Mbv,,,,
1339,FfG,,,,
1340,Mvb,,,,
1341,Cv=Mv/Rs-V,,,,
1342,Cv=Mv,,,,
1343,Ftl,,,,
1344,Cc/FGt,,,,
1345,Cc,,,,
1346,Cvb-AV,,,,
1347,Cv/Rs-V,,,,
1348,Ff,,,,
1349,Ck/Rs-VR,,,,
1350,aCk,,,,
1351,Cc,,,,
1352,Cc,,,,
1353,Cv/Rk,,,,
1354,Ft/FAp,,,,
1355,Mv=Cv=Rs,,,,
1356,Rs/Cv-VR,,,,
1357,Cv/Rs-A,,,,
1358,Rs,,,,
1359,aCch,,,,
1360,Cv=Rs,,,,
1361,Cvb,,,,
1362,Rs,,,,
1363,Cv/Rs-R,,,,
1364,Cv/Rks,,,,
1365,Rh/Cv,,,,
1366,Cv=Mv/Rs,,,,
1367,Cv/Rhs,,,,
1368,Rs/Cv-V,,,,
1369,Rs/Cv-RV,,,,
1370,Rs/Cv-R,,,,
1371,Rs/Cv-VR,,,,
1372,Ck/Rs,,,,
1373,sgFt/FAp,,,,
1374,Rs,,,,
1375,Cv/Rs,,,,
1376,Cvb,,,,
1377,Rs=Cv-VR,,,,
1378,sFt,,,,
1379,Cc,,,,
1380,Rs/Cv-VR,,,,
1381,Cah,,,,
1382,Cv=Rs,,,,
1383,Mvb,,,,
1384,Rs,,,,
1385,Cv=Rs-V,,,,
1386,Rs/Cv,,,,
1387,aCck-RbA,,,,
1388,Rs-V,,,,
1389,aCck-RbA,,,,
1390,Cv/Mvb,,,,
1391,Cv-A,,,,
1392,Rs=Cv,,,,
1393,aCk-RbA,,,,
1394,Cv/Rs,,,,
1395,aCck-A,,,,
1396,sgFGt/Us-F,,,,
1397,Rk,,,,
1398,aCck/Rs-ARbA,,,,
1399,Rs/Cv,,,,
1400,Cck/sMbv,,,,
1401,Cv/Rs-A,,,,
1402,Ft,,,,
1403,Rs=Cv-V,,,,
1404,Mbv/Cv,,,,
1405,Rs,,,,
1406,aCck-RbA,,,,
1407,Rs,,,,
1408,Cv/Rsk,,,,
1409,Cv=Rsh,,,,
1410,Rs=Cv-AR,,,,
1411,Cv/Rs-A,,,,
1412,Fj,,,,
1413,Rsk,,,,
1414,Cv/Rs,,,,
1415,Ff,,,,
1416,aCch-RbA,,,,
1417,Cca,,,,
1418,Rs-VA,,,,
1419,aCck-RbA,,,,
1420,aCk/Rs,,,,
1421,Rs-V,,,,
1422,Rs,,,,
1423,aCc-RbA,,,,
1424,Rs=Cv-V,,,,
1425,Cv/Rs-A,,,,
1426,Ft,,,,
1427,Cc,,,,
1428,Cv/Rs,,,,
1429,Rs=Cv,,,,
1430,aCck-RbA,,,,
1431,Rs,,,,
1432,/Cw/Rha,,,,
1433,aCa-RbA,,,,
1434,Rs/Cv-A,,,,
1435,/Cw/Rh,,,,
1436,/Cw/Rh,,,,
1437,Lp,,,,
1438,Mbv/Cv,,,,
1439,aCc-ARbAd,,,,
1440,Rs/Cv-V,,,,
1441,Rh,,,,
1442,Rs,,,,
1443,Cv/Rs-R,,,,
1444,aCcRb-A,,,,
1445,Rs-V,,,,
1446,Cah/Fpt,,,,
1447,Cv-AV,,,,
1448,Cc,,,,
1449,aCk-A,,,,
1450,/Mb=Cv/Rh,,,,
1451,Rs/Cv,,,,
1452,Cc,,,,
1453,aCck/Rs-ARbAd,,,,
1454,aCkRb-A,,,,
1455,Rs/Cv-A,,,,
1456,FGt/Cf,,,,
1457,sMbv,,,,
1458,Cka,,,,
1459,Cv=Mv,,,,
1460,Rs-V,,,,
1461,aCc-RAaA,,,,
1462,Rs=Cv-A,,,,
1463,aCck-RbA,,,,
1464,Rs,,,,
1465,Fp,,,,
1466,Lp,,,,
1467,Cvb,,,,
1468,Rs=Cv,,,,
1469,Mvb/Cvb-V,,,,
1470,Cv/Rs,,,,
1471,Cvb/Mv,,,,
1472,Mvb-V,,,,
1473,Cvb,,,,
1474,Cv=Mv,,,,
1475,Cv/Rs,,,,
1476,Ff,,,,
1477,Cc,,,,
1478,Cv=Mvb,,,,
1479,Fp,,,,
1480,Cc,,,,
1481,Cc,,,,
1482,Fp,,,,
1483,Cc,,,,
1484,Cvb/Rs,,,,
1485,Mv=Cv,,,,
1486,Cvb-A,,,,
1487,Rs,,,,
1488,Rs-V,,,,
1489,Rs=Cv,,,,
1490,Cc,,,,
1491,Mvb-V,,,,
1492,Rsk=Cv,,,,
1493,CkA,,,,
1494,Cck/Rs-A,,,,
1495,Rs,,,,
1496,Cc,,,,
1497,Ffj,,,,
1498,Fpt-I,,,,
1499,Ff,,,,
1500,Cf,,,,
1501,Cv/Rs,,,,
1502,Cck-A,,,,
1503,Mv/Cv,,,,
1504,Ck=Rs-Rs,,,,
1505,Cf,,,,
1506,Mv=Cv/Rs,,,,
1507,Cvb,,,,
1508,Rs/Cv,,,,
1509,Rs,,,,
1510,Cv/Rs,,,,
1511,Mv=Cv,,,,
1512,Cv=Mvb/Rs,,,,
1513,Cc,,,,
1514,Cv=Rs-V,,,,
1515,/Cw/Rah,,,,
1516,Cv=Mbv,,,,
1517,Mb/FGs,,,,
1518,Ff,,,,
1519,Rs=Cv,,,,
1520,Cv/Rs-VA,,,,
1521,Rs,,,,
1522,aCv/Ra,,,,
1523,RkA,,,,
1524,Cv=Ra-A,,,,
1525,Cv-A,,,,
1526,Ck,,,,
1527,Cw/Rau,,,,
1528,Raj/Cv,,,,
1529,Rs/Cv-A,,,,
1530,Cvb,,,,
1531,Cv=RsAV,,,,
1532,Rs/Cv-VA,,,,
1533,Cv/Rsk,,,,
1534,Rs,,,,
1535,sgFt,,,,
1536,bgFGt,,,,
1537,bgFft,,,,
1538,Ft,,,,
1539,Cf,,,,
1540,Cvb,,,,
1541,aCc-A,,,,
1542,Fj/Cj,,,,
1543,Cv-A,,,,
1544,aCv/Rs,,,,
1545,Rs-A,,,,
1546,Rk/Cv-A,,,,
1547,Fp,,,,
1548,aCc-RbA,,,,
1549,Cv/Rs,,,,
1550,Cv=Rs-A,,,,
1551,aCkc-RbA,,,,
1552,Cv/Rs-A,,,,
1553,Rs-A,,,,
1554,Cv=Rs-A,,,,
1555,aCk-A,,,,
1556,Rs/Cv-A,,,,
1557,Rs,,,,
1558,aCck,,,,
1559,Rs,,,,
1560,aCc-RbA,,,,
1561,Rsk-A,,,,
1562,aCck-RbA,,,,
1563,Rh,,,,
1564,Rk/MNr,,,,
1565,I=MNr,,,,
1566,aCc-RbA,,,,
1567,NTA,,,,
1568,Cf,,,,
1569,Cv/Rs,,,,
1570,Rs-VR,,,,
1571,aCc/FAp-BAR,,,,
1572,Rs-VR,,,,
1573,Rs/Cv-AR,,,,
1574,Rs-A,,,,
1575,Cvb/Mv,,,,
1576,aCw/Rh,,,,
1577,sMvb/Cv-V,,,,
1578,Cf,,,,
1579,Fp,,,,
1580,Cca-ARd,,,,
1581,Rs-VA,,,,
1582,Rs/Cvb-N,,,,
1583,aCa/Rs-A,,,,
1584,rMb=arCba-A,,,,
1585,Rs-AR,,,,
1586,acCac-AVR,,,,
1587,Rs/rCv,,,,
1588,arCv/Mv,,,,
1589,Rs-Ar,,,,
1590,aCa/Rs-R,,,,
1591,rMv/rCbv/Rs,,,,
1592,Rrs/arCv-A,,,,
1593,Mbv,,,,
1594,Cv/Rs,,,,
1595,Cv/Rs/Mv,,,,
1596,Rs=Cv-VR,,,,
1597,arCv,,,,
1598,Cv/Rs,,,,
1599,Cv/Rs,,,,
1600,Mbv/Cv,,,,
1601,Cf,,,,
1602,sgFt,,,,
1603,Mbv/Rs,,,,
1604,Cvb/Rsa,,,,
1605,Cv,,,,
1606,s$Mbv,,,,
1607,Cv/Rk,,,,
1608,sMvb/Cv,,,,
1609,Ccf,,,,
1610,Rak/aCv-N,,,,
1611,aCk-RbA,,,,
1612,/Cw/Rhk,,,,
1613,Rs-VA,,,,
1614,Rs,,,,
1615,Cw/Mw,,,,
1616,Mv=Cv,,,,
1617,bgFp/Mbv,,,,
1618,Rs-Ar,,,,
1619,arCv/Ra,,,,
1620,rMv=rCv/Rhs,,,,
1621,arMa/arCa-A,,,,
1622,NTA,,,,
1623,rCv/rMv/Ra-A,,,,
1624,arMa/arCa-A,,,,
1625,Rs-AVR,,,,
1626,Rs-RA,,,,
1627,I,,,,
1628,Rhk/Cv,,,,
1629,Mbv,,,,
1630,Ft,,,,
1631,gFGs-F,,,,